source,dbid,taxon,action,note
GENBANK,51339761,Carassius carassius,REMOVE,Paper states fish is a goldfish (C. auratus)
GENBANK,52221010,Carassius carassius,REMOVE,Paper states fish is a goldfish (C. auratus)
GENBANK,1197011479,Carassius carassius,REMOVE,No information that this is not a goldfish
GENBANK,1314948533,Ameiurus nebulosus,REMOVE,"This is a RefSeq of GenBank MF621731.1, record was removed at the submitters request because the source organism cannot be confirmed."
GENBANK,33317222,Carcharodon carcharias,REMOVE,Nested in a cluster of Cetorhinus maximus
GENBANK,460283151,Sparus aurata,REMOVE,Nested in a cluster of Trachurus trachurus
GENBANK,460283153,Sparus aurata,REMOVE,Nested in a cluster of Trachurus trachurus
GENBANK,1084353060,Pomatoschistus microps,REMOVE,Nested in a cluster of Gobius niger
GENBANK,1084353062,Pomatoschistus minutus,REMOVE,Nested in a cluster of Gobius niger
BOLD,FCFUK151-06.COI-5P,Pomatoschistus pictus,REMOVE,Nested in a cluster of Gobius niger
GENBANK,1040783067,Avocettina infans,REMOVE,Nested in a cluster of Notocanthus
GENBANK,257218531,Cichlasoma bimaculatum,REMOVE,Nested in a cluster of Labrus mixtus
BOLD,SFM033-13.COI-5P,Symphodus melops,REMOVE,Nested in a cluster of Centrolabrus exoletus
GENBANK,1013873805,Salmo trutta,REMOVE,Nested in a cluster of Salvelinus alpinus
BOLD,SFM042-13.COI-5P,Lipophrys pholis,REMOVE,Mixed with Parablennius gattorugine
BOLD,SFM043-13.COI-5P,Lipophrys pholis,REMOVE,Mixed with Parablennius gattorugine
BOLD,SCFAD315-09.COI-5P,Lipophrys pholis,REMOVE,Nested in a cluster of Leptoclinus maculatus
BOLD,SCFAD314-09.COI-5P,Lipophrys pholis,REMOVE,Nested in a cluster of Leptoclinus maculatus
BOLD,SCFAD316-09.COI-5P,Lipophrys pholis,REMOVE,Nested in a cluster of Leptoclinus maculatus
GENBANK,189165470,Sparus aurata,REMOVE,Nested in a cluster of Pagrus pagrus
GENBANK,189165468,Sparus aurata,REMOVE,Nested in a cluster of Pagrus pagrus
GENBANK,1084353050,Pagellus erythrinus,REMOVE,Nested in a cluster of Pagrus pagrus
GENBANK,1084353056,Pagellus erythrinus,REMOVE,Nested in a cluster of Pagrus pagrus
BOLD,IFCZE989-12.COI-5P,Blicca bjoerkna,REMOVE,Nested in a cluster of Abramis brama
GENBANK,321118183,Blicca bjoerkna,REMOVE,Nested in a cluster of Abramis brama
GENBANK,1015802877,Abramis brama,REMOVE,Nested in a cluster of Cottus
BOLD,SCFAD142-09.COI-5P,Cottunculus microps,REMOVE,Nested in a cluster of Artediellus atlanticus
BOLD,SCFAD141-09.COI-5P,Cottunculus microps,REMOVE,Nested in a cluster of Artediellus atlanticus
GENBANK,395629540,Lampanyctus intricarius,REMOVE,Nested in a cluster of Lampanyctus macdonaldi
BOLD,UKFBI504-08.COI-5P,Ceratoscopelus warmingii,REMOVE,Nested in a cluster of Ceratoscopelus maderensis
GENBANK,874474386,Pleuronectes platessa,REMOVE,Nested in Ictaluridae
GENBANK,868612181,Ameiurus nebulosus,REMOVE,Nested in a cluster of Ameiurus melas
GENBANK,868611607,Ameiurus nebulosus,REMOVE,Nested in a cluster of Ameiurus melas
BOLD,BIM277-13.COI-5P,Solea solea,REMOVE,Nested in a cluster of Pegusa lascaris
GENBANK,1373661459,Gadus morhua,REMOVE,Nested in a cluster of Solea solea
GENBANK,1373661541,Xiphias gladius,REMOVE,Nested in a cluster of Solea solea
GENBANK,554791835,Centroscymnus owstonii,REMOVE,Nested in a cluster of C. coelolepis
GENBANK,592748153,Oxynotus paradoxus,REMOVE,Nested in a cluster of Oxynotus centrina
GENBANK,296747855,Galeus melastomus,REMOVE,Nested in a cluster of Squalus acanthias
BOLD,GMSHK268-12.COI-5P,Centrophorus granulosus,REMOVE,Nested in a cluster of Squalus acanthias
GENBANK,384369551,Lamna nasus,REMOVE,Nested in an unidentified cluster
GENBANK,384369559,Cetorhinus maximus,REMOVE,Nested in an unidentified cluster
GENBANK,384369555,Alopias vulpinus,REMOVE,Nested in an unidentified cluster
GENBANK,384369553,Isurus oxyrhinchus,REMOVE,Groups with Prionace glauca
GENBANK,384369547,Carcharodon carcharias,REMOVE,Nested in a cluster of Prionace glauca
GENBANK,237847770,Isurus oxyrhinchus,REMOVE,Bad quality sequence?
GENBANK,296747869,Galeus melastomus,REMOVE,Nested in a cluster of Scyliorhinus canicula
GENBANK,251821476,Squalus acanthias,REMOVE,Nested in a cluster of Scyliorhinus canicula
GENBANK,325556673,Scyliorhinus stellaris,REMOVE,Nested in a cluster of Scyliorhinus canicula
BOLD,BIM140-13.COI-5P,"Raja miraletus""",REMOVE,Nested in a cluster of Torpedo marmorata
BOLD,SFM021-13.COI-5P,"Raja undulata""",REMOVE,Nested in a cluster of Raja clavata
GENBANK,1485347586,Raja montagui,REMOVE,Nested in a cluster of Raja miraletus
GENBANK,1485347584,Raja montagui,REMOVE,Nested in a cluster of Raja miraletus
GENBANK,1485347588,Raja montagui,REMOVE,Nested in a cluster of Raja miraletus
GENBANK,347978586,Bathyraja spinicauda,REMOVE,Nested in a cluster of Amblyraja
BOLD,SCAFB786-07.COI-5P,Bathyraja spinicauda,REMOVE,Nested in a cluster of Amblyraja
GENBANK,429141121,Searsia koefoadi,REMOVE,Nested in a cluster of Holtbrynia
GENBANK,429141123,Searsia koefoadi,REMOVE,Nested in a cluster of Holtbrynia
BOLD,DSFSG763-11.COI-5P,Polyprion americanus,REMOVE,Nested in a cluster of Auxis
BOLD,UKFBJ733-08.COI-5P,Auxis thazard,REMOVE,Nested in a cluster of Katsuwonus
BOLD,GBGCA543-10.COI-5P,Engraulis encrasicolus,REMOVE,Nested in a cluster of Thunnus
GENBANK,307639816,Engraulis encrasicolus,REMOVE,Nested in a cluster of Thunnus
BOLD,NOFIS048-10.COI-5P,Schedophilus medusophagus,REMOVE,Nested in a cluster of Centrolophus niger
GENBANK,399765393,Mugil cephalus,REMOVE,Nested in a cluster of Chelon labrosus
GENBANK,399765389,Mugil cephalus,REMOVE,Nested in a cluster of Chelon labrosus
GENBANK,399765387,Mugil cephalus,REMOVE,Nested in a cluster of Chelon labrosus
GENBANK,399765395,Mugil cephalus,REMOVE,Nested in a cluster of Chelon labrosus
GENBANK,399765391,Mugil cephalus,REMOVE,Nested in a cluster of Chelon labrosus
GENBANK,399765381,Mugil cephalus,REMOVE,Nested in a cluster of Chelon labrosus
GENBANK,399765377,Mugil cephalus,REMOVE,Nested in a cluster of Chelon labrosus
GENBANK,399765379,Mugil cephalus,REMOVE,Nested in a cluster of Chelon labrosus
GENBANK,399765378,Mugil cephalus,REMOVE,Nested in a cluster of Chelon labrosus
GENBANK,1214737213,Mugil cephalus,REMOVE,Nested in a cluster of Liza ramada
GENBANK,1214737211,Mugil cephalus,REMOVE,Nested in a cluster of Liza ramada
GENBANK,1214737207,Mugil cephalus,REMOVE,Nested in a cluster of Liza ramada
GENBANK,1214737209,Mugil cephalus,REMOVE,Nested in a cluster of Liza ramada
GENBANK,332886573,Liza ramada,REMOVE,Nested in a cluster of Liza aurata
BOLD,BIM403-15.COI-5P,Hippocampus guttulatus,REMOVE,Nested in a cluster of H. hippocampus
BOLD,OCARH786-12.COI-5P,Tilapia zillii,REMOVE,Nested in a cluster of Oreochromis niloticus
GENBANK,822475866,Tilapia zillii,REMOVE,Nested in a cluster of Oreochromis niloticus
BOLD,GLF036-13.COI-5P,Scopelogadus beanii,REMOVE,Nested in a cluster of Sigmops bathyphilus
BOLD,UKFBI261-08.COI-5P,Pleuronectes platessa,REMOVE,"Bad sequence, long branch groups with Stomias"
GENBANK,1373661465,Solea solea,REMOVE,Nested in a cluster of Gadus morhua
GENBANK,786321816,Gaidropsarus mediterraneus,REMOVE,Nested in a cluster of G. macrophthalmus
GENBANK,392974018,Gaidropsarus mediterraneus,REMOVE,Nested in a cluster of G. macrophthalmus
GENBANK,668349057,Gaidropsarus mediterraneus,REMOVE,Nested in a cluster of G. macrophthalmus
GENBANK,668349061,Gaidropsarus mediterraneus,REMOVE,Nested in a cluster of G. macrophthalmus
GENBANK,668349059,Gaidropsarus mediterraneus,REMOVE,Nested in a cluster of G. macrophthalmus
BOLD,SCFAD248-09.COI-5P,Gaidropsarus vulgaris,REMOVE,Nested in a cluster of G. argentatus
BOLD,SCFAD339-09.COI-5P,Gaidropsarus vulgaris,REMOVE,Nested in a cluster of G. argentatus
BOLD,SCFAD340-09.COI-5P,Gaidropsarus vulgaris,REMOVE,Nested in a cluster of G. argentatus
BOLD,SCFAD283-09.COI-5P,Gaidropsarus vulgaris,REMOVE,Nested in a cluster of Enchylopus cimbrius
BOLD,SCFAD330-09.COI-5P,Gaidropsarus vulgaris,REMOVE,Nested in a cluster of Enchylopus cimbrius
BOLD,SFM037-13.COI-5P,Gaidropsarus vulgaris,REMOVE,Nested in a cluster of Gaidropsarus mediterraneus
GENBANK,429141251,Tracyrincus scabrus,REMOVE,Nested in a cluster of T. murrayi
GENBANK,429141249,Tracyrincus scabrus,REMOVE,Nested in a cluster of T. murrayi
GENBANK,1084353064,Pomatoschistus minutus,REMOVE,Nested in a cluster of P. microps (see Oliveira et al)
GENBANK,1084353068,Pomatoschistus minutus,REMOVE,Nested in a cluster of P. microps (see Oliveira et al)
GENBANK,1084353066,Pomatoschistus minutus,REMOVE,Nested in a cluster of P. microps (see Oliveira et al)
GENBANK,1084353076,Pomatoschistus minutus,REMOVE,Nested in a cluster of P. microps (see Oliveira et al)
GENBANK,1084353074,Pomatoschistus minutus,REMOVE,Nested in a cluster of P. microps (see Oliveira et al)
GENBANK,1084353070,Pomatoschistus minutus,REMOVE,Nested in a cluster of P. microps (see Oliveira et al)
GENBANK,1084353072,Pomatoschistus minutus,REMOVE,Nested in a cluster of P. microps (see Oliveira et al)
GENBANK,868611663,Carassius carassius,REMOVE,"Nested in C. auratus, no evidence it isnt a goldfish"
GENBANK,868612226,Carassius carassius,REMOVE,"Nested in C. auratus, no evidence it isnt a goldfish"
GENBANK,868612223,Carassius carassius,REMOVE,"Nested in C. auratus, no evidence it isnt a goldfish"
GENBANK,868612220,Carassius carassius,REMOVE,"Nested in C. auratus, no evidence it isnt a goldfish"
GENBANK,670608868,Carassius carassius,REMOVE,"Nested in C. auratus, no evidence it isnt a goldfish"
GENBANK,868611659,Carassius carassius,REMOVE,"Nested in C. auratus, no evidence it isnt a goldfish"
BOLD,COFPL053-15.COI-5P,Mugil cephalus,REMOVE,Wacky sequence very different from everything
GENBANK,307342424,Pagellus erythrinus,REMOVE,Nested in a cluster of Pagrus pagrus
GENBANK,307342086,Pagellus erythrinus,REMOVE,Nested in a cluster of Pagrus pagrus
BOLD,UKFBI262-08.COI-5P,Solea solea,REMOVE,Nested in a cluster of Mugil
GENBANK,289546383,Engraulis encrasicolus,REMOVE,Nested in a cluster of Thunnus
BOLD,DSFSG763-11.COI-5P,Polyprion americanus,REMOVE,Nested in a cluster of Auxis
GENBANK,307341814,Trigloporus lastoviza,REMOVE,Nested in a cluster of Chelidonichthys lucerna
BOLD,PHANT455-08.COI-5P,Sphyrna zygaena,REMOVE,Groups with Mustelus
GENBANK,307342148,Boops boops,REMOVE,Groups with Sarpa salpa
GENBANK,307342146,Boops boops,REMOVE,Groups with Sarpa salpa
GENBANK,597441294,Pseudorasbora parva,REMOVE,Nested in a cluster of Cyprinus
GENBANK,321118193,Blicca bjoerkna,REMOVE,Nested in a cluster of Abramis brama
GENBANK,1373661537,Solea solea,REMOVE,Nested in a cluster of Xiphias
GENBANK,307341812,Trigloporus lastoviza,REMOVE,Nested in a cluster of Chelidonichthys lucerna
GENBANK,786321693,Engraulis encrasicolus,REMOVE,Wacky sequence very different from everything
GENBANK,681884167,Carassius auratus,REMOVE,Nested in a cluster of Cyprinus carpio
BOLD,SCFAD142-09.COI-5P,Cottunculus microps,REMOVE,Nested in a cluster of Artediellus atlanticus
BOLD,SCFAD141-09.COI-5P,Cottunculus microps,REMOVE,Nested in a cluster of Artediellus atlanticus
BOLD,SCFAD215-09.COI-5P,Artediellus atlanticus,REMOVE,Nested in a cluster of Triglops murrayi
BOLD,SCFAD214-09.COI-5P,Artediellus atlanticus,REMOVE,Nested in a cluster of Triglops murrayi
GENBANK,156071415,Sparus aurata,REMOVE,Complement sequence
GENBANK,403330402,Rutilus rutilus,REMOVE,Unverified sequence
GENBANK,403330373,Rutilus rutilus,REMOVE,Unverified sequence
GENBANK,403330369,Rutilus rutilus,REMOVE,Unverified sequence
GENBANK,403330372,Rutilus rutilus,REMOVE,Unverified sequence
GENBANK,325556701,Leucoraja naevus,REMOVE,Clusters with Raja clavata
BOLD,GLF192-14.COI-5P,Scopelogadus beanii,REMOVE,Nested in a cluster of Sigmops bathyphilus
GENBANK,933500755,Regalecus glesne,REMOVE,"Clusters with blennies, matches Salaria in Blast"
GENBANK,868610871,Carassius carassius,REMOVE,"Nested in C. auratus, no evidence it isnt a goldfish"
GENBANK,651209284,Brama brama,REMOVE,Nested in Abramis brama
GENBANK,651209285,Brama brama,REMOVE,Nested in Abramis brama
GENBANK,223558406,Cyprinus carpio,REMOVE,Nested in Rutilus
GENBANK,223558407,Cyprinus carpio,REMOVE,Nested in Rutilus
GENBANK,223558408,Cyprinus carpio,REMOVE,Nested in Rutilus
GENBANK,6522876,Scardinius erythrophthalmus,REMOVE,Nested in Rutilus
GENBANK,544582215,Salmo trutta,REMOVE,Nested in Onchorhynchus
GENBANK,291165165,Pollachius virens,REMOVE,Nested in Gadus morhua
GENBANK,307344109,Solea solea,REMOVE,"Crappy sequence, nested in Scophthalmus"
GENBANK,76363944,Lepidorhombus whiffiagonis,REMOVE,Nested in Trachurus
GENBANK,22597041,Cichlasoma bimaculatum,REMOVE,Nested in Labrus mixtus
GENBANK,289546423,Clupea harengus,REMOVE,Nested in Onchorhynchus
GENBANK,643433071,Callionymus lyra,REMOVE,Nested in a cluster of Eutrigla gurnardus
GENBANK,661414814,Liza aurata,REMOVE,Nested in a cluster of Chelon labrosus
GENBANK,821091532,Pollachius virens,REMOVE,Nested in a cluster of Gadus morhua
GENBANK,821091524,Micromesistius poutassou,REMOVE,Nested in a cluster of Gadus morhua
GENBANK,331687216,Pseudorasbora parva,REMOVE,Nested in a cluster of Gobio gobio
GENBANK,2281737,Rhodeus sericeus,REMOVE,Nested in a cluster of R. amarus
GENBANK,18146989,Ictalurus punctatus,REMOVE,Nested in a cluster of Carassius auratus
GENBANK,484359354,Carassius carassius,REMOVE,Nested in a cluster of Carassius auratus
GENBANK,119353077,Carassius carassius,REMOVE,Nested in a cluster of Carassius auratus
GENBANK,119067526,Scardinius erythrophthalmus,REMOVE,Nested in a cluster of Rutilus rutilus
GENBANK,361051266,Cyprinus carpio,REMOVE,Nested in a cluster of Rutilus rutilus
GENBANK,372490152,Tinca tinca,REMOVE,Nested in a cluster of Abramis brama
GENBANK,361051272,Blicca bjoerkna,REMOVE,Nested in a cluster of Abramis brama
GENBANK,133872335,Blicca bjoerkna,REMOVE,Nested in a cluster of Abramis brama
GENBANK,372490151,Abramis brama,REMOVE,Nested in a cluster of Rutilus rutilus
GENBANK,223558427,Cyprinus carpio,REMOVE,Nested in a cluster of Rutilus rutilus
GENBANK,223558429,Cyprinus carpio,REMOVE,Nested in a cluster of Rutilus rutilus
GENBANK,1376159593,Conger conger,REMOVE,Nested in a cluster of Ammodytes
BOLD,HNDSA001-19.COI-5P,Anguilla anguilla,REMOVE,"Not a COI sequence, bacterial contamination"
BOLD,UEZPQ003-14.COI-5P,Lethrinus nebulosus,REMOVE,Low quality sequence
GENBANK,1013181134,Thunnus albacares,REMOVE,Low quality sequence
GENBANK,1013181152,Thunnus thynnus,REMOVE,Low quality sequence
GENBANK,33317232,Isurus oxyrinchus,REMOVE,"Very close to Prionace, not Isurus"
GENBANK,501794361,Liza ramado,REMOVE,Nested in a cluster of Mugil cephalus
GENBANK,1605372396,Cyprinus carpio,REMOVE,Nested in a cluster of Carassius auratus
BOLD,AJS148-19.COI-5P,Oreochromis niloticus,REMOVE,Nested in a cluster of Gadus morhua
BOLD,AJS172-19.COI-5P,Oreochromis niloticus,REMOVE,Nested in a cluster of Gadus morhua
BOLD,FSHN213-19.COI-5P,Salmo trutta,REMOVE,Nested in cluster of Salmo salar
BOLD,AJS285-19.COI-5P,Oreochromis niloticus,REMOVE,Nested in a cluster of Gadus morhua
BOLD,AJS261-19.COI-5P,Oreochromis niloticus,REMOVE,Nested in a cluster of Gadus morhua
BOLD,AJS319-19.COI-5P,Oreochromis niloticus,REMOVE,Nested in a cluster of Gadus morhua
BOLD,AJS067-19.COI-5P,Oreochromis niloticus,REMOVE,Nested in a cluster of Gadus morhua
GENBANK,1723362216,Ameiurus melas,REMOVE,Nested in a cluster of Ameiurus nebulosus
GENBANK,298683659,Engraulis encrasicolus,REMOVE,Nested in a cluster of Sardina pilchardus
GENBANK,18698527,Engraulis encrasicolus,REMOVE,Nested in a cluster of Sardina pilchardus
GENBANK,1605372422,Cyprinus carpio,REMOVE,Nested in a cluster of Carassius auratus
GENBANK,6523023,Scardinius erythrophtalmus,REMOVE,Nested in a cluster of Rutilus rutilus
GENBANK,1565944283,Barbus barbus,REMOVE,Nested in a cluster of Squalius cephalus
GENBANK,1565944285,Barbus barbus,REMOVE,Nested in a cluster of Squalius cephalus
BOLD,AJS290-19.COI-5P,Oreochromis niloticus,REMOVE,Nested in a cluster of Gadus morhua
GENBANK,261343168,Acipenser ruthenus,REMOVE,Nowhere near Acipenser
BOLD,FSHN231-19.COI-5P,Salmo trutta,REMOVE,Nested in cluster of Salmo salar
GENBANK,339431652,Mugil cephalus,REMOVE,"Nowhere near Mugil, blasts as a Seriola"
GENBANK,961556358,Hippoglossus hippoglossus,REMOVE,Nested in Reinhardtius hippoglossoides
GENBANK,961556360,Hippoglossus hippoglossus,REMOVE,Nested in Reinhardtius hippoglossoides
GENBANK,961556354,Hippoglossus hippoglossus,REMOVE,Nested in Reinhardtius hippoglossoides
GENBANK,961556356,Hippoglossus hippoglossus,REMOVE,Nested in Reinhardtius hippoglossoides
GENBANK,874508174,Leptoclinus maculatus,REMOVE,Nested in Lumpenus lampretaeformis
GENBANK,1815405131,Cyprinus carpio,REMOVE,"Closer to Barbus, appears to be Schizothorax"
GENBANK,284027412,Rouleina attrita,REMOVE,Nested in Antimora
BOLD,FSHN053-17.COI-5P,Ameiurus melas,REMOVE,Blasts as a Noturus
GENBANK,164523705,Thunnus albacares,REMOVE,Nested in Merluccius
GENBANK,291165166,Melanogrammus aeglefinus,REMOVE,Blasts as a clupeiform
GENBANK,112950224,Cyprinus carpio,REMOVE,Blasts as a loach
GENBANK,18031831,Scomber scombrus,REMOVE,Nested in Xiphias
GENBANK,156511184,Salmo salar,REMOVE,Blasts as a bat
GENBANK,34733274,Barbatula barbatula,REMOVE,Blasts as a Schistura
GENBANK,6522657,Barbus barbus,REMOVE,Blasts as a Botia
GENBANK,289546459,Pleuronectes platessa,REMOVE,Blasts as a Pangasius
GENBANK,386686582,Barbus barbus,REMOVE,Blasts as African Labeobarbus
GENBANK,386686590,Barbus barbus,REMOVE,Blasts as African Labeobarbus
GENBANK,386686592,Barbus barbus,REMOVE,Blasts as African Labeobarbus
GENBANK,386686584,Barbus barbus,REMOVE,Blasts as African Labeobarbus
GENBANK,386686576,Barbus barbus,REMOVE,Blasts as African Labeobarbus
GENBANK,386686588,Barbus barbus,REMOVE,Blasts as African Labeobarbus
GENBANK,386686578,Barbus barbus,REMOVE,Blasts as African Labeobarbus
GENBANK,386686586,Barbus barbus,REMOVE,Blasts as African Labeobarbus
GENBANK,386686580,Barbus barbus,REMOVE,Blasts as African Labeobarbus
GENBANK,386686596,Barbus barbus,REMOVE,Blasts as African Labeobarbus
GENBANK,386686598,Barbus barbus,REMOVE,Blasts as African Labeobarbus
GENBANK,386686594,Barbus barbus,REMOVE,Blasts as African Labeobarbus
GENBANK,63146916,Lepomis gibbosus,REMOVE,Nested in Tinca
GENBANK,1898139978,Alburnus alburnus,REMOVE,Nested in Phoxinus
GENBANK,1861284480,Limanda limanda,REMOVE,Nested in gadoids
BOLD,NBMF144-16.COI-5P,Raja montagui,REMOVE,Nested in Raja clavata
GENBANK,734668719,Raja miraletus,REMOVE,Nested in Leucoraja naevus
BOLD,FOAK421-10.COI-5P,Deania calcea,REMOVE,Nested in Etmopterus
BOLD,FOAF619-07.COI-5P,Centrophorus squamosus,REMOVE,Nested in Centrophorus granulosus
BOLD,EPAMC589-20.COI-5P,Ameiurus nebulosus,REMOVE,Nested in Ameiurus melas
GENBANK,321151509,Cyclothone microdon,REMOVE,Blasts as Apeltes
GENBANK,460283033,Sparus aurata,REMOVE,Blasts as Diplodus
GENBANK,460283071,Sparus aurata,REMOVE,Blasts as Diplodus
GENBANK,460418954,Dicentrarchus labrax,REMOVE,Blasts as Diplodus
GENBANK,460418956,Dicentrarchus labrax,REMOVE,Blasts as Diplodus
GENBANK,460418958,Dicentrarchus labrax,REMOVE,Blasts as Diplodus
GENBANK,460418960,Dicentrarchus labrax,REMOVE,Blasts as Diplodus
GENBANK,460418964,Dicentrarchus labrax,REMOVE,Blasts as Diplodus
GENBANK,460418966,Dicentrarchus labrax,REMOVE,Blasts as Diplodus
GENBANK,460418968,Dicentrarchus labrax,REMOVE,Blasts as Diplodus
GENBANK,460418970,Dicentrarchus labrax,REMOVE,Blasts as Diplodus
GENBANK,460418972,Dicentrarchus labrax,REMOVE,Blasts as Diplodus
GENBANK,460418974,Dicentrarchus labrax,REMOVE,Blasts as Diplodus
GENBANK,460418988,Dicentrarchus labrax,REMOVE,Blasts as Diplodus
GENBANK,460418990,Dicentrarchus labrax,REMOVE,Blasts as Diplodus
GENBANK,460418992,Dicentrarchus labrax,REMOVE,Blasts as Diplodus
GENBANK,460418962,Dicentrarchus labrax,REMOVE,Blasts as Diplodus
GENBANK,460418976,Dicentrarchus labrax,REMOVE,Blasts as Diplodus
GENBANK,460418978,Dicentrarchus labrax,REMOVE,Blasts as Diplodus
GENBANK,460418980,Dicentrarchus labrax,REMOVE,Blasts as Diplodus
GENBANK,460418982,Dicentrarchus labrax,REMOVE,Blasts as Diplodus
GENBANK,460418984,Dicentrarchus labrax,REMOVE,Blasts as Diplodus
GENBANK,460418986,Dicentrarchus labrax,REMOVE,Blasts as Diplodus
BOLD,BIM269-13.COI-5P,Sparus aurata,REMOVE,Blasts as Rhabdosargus
GENBANK,1321369503,Trachinus draco,REMOVE,Blasts as Parapercis
BOLD,UKFBI227-08.COI-5P,Ceratoscopelus maderensis,REMOVE,Nested in Mugil
GENBANK,307341816,Macroramphosus scolopax,REMOVE,Nested in Helicolenus
BOLD,NBMF250-17.COI-5P,Myoxocephalus scorpius,REMOVE,Nested in Icelus bicornis
GENBANK,321151553,Chauliodus sloani,REMOVE,Nested in zoarcids
GENBANK,429139563,Alepocephalus bairdii,REMOVE,Nested in Bajacalifornia
GENBANK,429141071,Rouleina attrita,REMOVE,Nested in R. maderensis
GENBANK,311050153,Epigonus telescopus,REMOVE,Nested in macrourids
GENBANK,1861684767,Boops boops,REMOVE,Nested in Merluccius
BOLD,AJS292-19.COI-5P,Oreochromis niloticus,REMOVE,Nested in Gadus
BOLD,AJS288-19.COI-5P,Oreochromis niloticus,REMOVE,Nested in Gadus
BOLD,AJS226-19.COI-5P,Oreochromis niloticus,REMOVE,Nested in Gadus
BOLD,AJS270-19.COI-5P,Oreochromis niloticus,REMOVE,Nested in Gadus
BOLD,AJS172-19.COI-5P,Oreochromis niloticus,REMOVE,Nested in Gadus
BOLD,AJS290-19.COI-5P,Oreochromis niloticus,REMOVE,Nested in Gadus
BOLD,AJS293-19.COI-5P,Oreochromis niloticus,REMOVE,Nested in Gadus
BOLD,FEM006-19.COI-5P,Melanogrammus aeglefinus,REMOVE,Nested in Melangius
BOLD,FEM011-19.COI-5P,Melanogrammus aeglefinus,REMOVE,Nested in Melangius
BOLD,FEM007-19.COI-5P,Melanogrammus aeglefinus,REMOVE,Nested in Melangius
BOLD,FEM028-19.COI-5P,Melanogrammus aeglefinus,REMOVE,Nested in Melangius
BOLD,FEM009-19.COI-5P,Melanogrammus aeglefinus,REMOVE,Nested in Melangius
BOLD,FEM018-19.COI-5P,Melanogrammus aeglefinus,REMOVE,Nested in Melangius
BOLD,FEM010-19.COI-5P,Melanogrammus aeglefinus,REMOVE,Nested in Melangius
BOLD,FEM015-19.COI-5P,Melanogrammus aeglefinus,REMOVE,Nested in Melangius
BOLD,FEM019-19.COI-5P,Melanogrammus aeglefinus,REMOVE,Nested in Melangius
BOLD,FEM008-19.COI-5P,Melanogrammus aeglefinus,REMOVE,Nested in Melangius
BOLD,FEM014-19.COI-5P,Melanogrammus aeglefinus,REMOVE,Nested in Melangius
BOLD,FEM035-19.COI-5P,Melanogrammus aeglefinus,REMOVE,Nested in Melangius
BOLD,FEM012-19.COI-5P,Melanogrammus aeglefinus,REMOVE,Nested in Melangius
BOLD,FEM016-19.COI-5P,Melanogrammus aeglefinus,REMOVE,Nested in Melangius
GENBANK,339431654,Mugil cephalus,REMOVE,Blasts as Seriola
GENBANK,1829760223,Auxis thazard,REMOVE,Blasts as Elagatis
BOLD,NBMF234-17.COI-5P,Hippoglossus hippoglossus,REMOVE,Nested in Hippoglossoides platessoides
BOLD,NBMF238-17.COI-5P,Reinhardtius hippoglossoides,REMOVE,Nested in Hippoglossoides platessoides
BOLD,AMS170-08.COI-5P,Mola mola,REMOVE,Blasts as Torquigener
GENBANK,307604435,Benthosema glaciale,REMOVE,Blasts as Hygophum
BOLD,FTWS022-09.COI-5P,Ceratoscopelus warmingii,REMOVE,Blasts as Diaphus
BOLD,930580548,Mullus surmuletus,REMOVE,Blasts as Mulloidichthys
GENBANK,1921019938,Sardina pilchardus,REMOVE,Blasts as Sardinella
GENBANK,1491760615,Sardina pilchardus,REMOVE,Blasts as Sardinella
GENBANK,460418274,Alburnus alburnus,REMOVE,Blasts as A. tarichi
BOLD,BIM343-13.COI-5P,Dasyatis pastinaca,REMOVE,Blasts as Dasyatis sp.
GENBANK,347978072,Amblyraja radiata,REMOVE,Blasts as Malacoraja
BOLD,SCAFB753-07.COI-5P,Amblyraja radiata,REMOVE,Blasts as Malacoraja
BOLD,GMSHK078-11.COI-5P,Deania calcea,REMOVE,Blasts as Etmopterus
BOLD,GMSHK079-11.COI-5P,Deania calcea,REMOVE,Blasts as Etmopterus
BOLD,SCAFB1105-09.COI-5P,Searsia koefoedi,REMOVE,Blasts as Normichthys
GENBANK,284027464,Regalecus glesne,REMOVE,Totally different to other Regalecus
GENBANK,1827521035,Coptodon zillii,REMOVE,Blasts as Rita rita
GENBANK,1827521047,Coptodon zillii,REMOVE,Blasts as Rita rita
GENBANK,321151515,Sigmops bathyphilus,REMOVE,Totally different to other Sigmops
GENBANK,681884139,Carassius auratus,REMOVE,Totally different to other Carassius
GENBANK,261343166,Acipenser sturio,REMOVE,Totally different to other Acipenser
GENBANK,311333727,Salmo salar,REMOVE,Blasts as a salamander
GENBANK,289546447,Engraulis encrasicolus,REMOVE,Nested in Thunnus
GENBANK,723115721,Katsuwonus pelamis,REMOVE,Nested in Thunnus
GENBANK,1851979580,Auxis thazard,REMOVE,Nested in Katsuwonus
GENBANK,13020828,Misgurnus fossilis,REMOVE,Blasts as M. anguillicaudatus
GENBANK,269997201,Squalius cephalus,REMOVE,Totally different to other Squalius
GENBANK,333102440,Esox lucius,REMOVE,Blasts as a lizard
GENBANK,289546429,Lophius piscatorius,REMOVE,Blasts as pleuronectiform
GENBANK,937959400,Anoplogaster cornuta,REMOVE,Blasts as Poroclinus
GENBANK,237638806,Pomatoschistus minutus,REMOVE,Totally different to other P. minutus
GENBANK,499297772,Lepomis gibbosus,REMOVE,Blasts as Lepomis gulosus
GENBANK,6318652,Sparus aurata,REMOVE,Blasts as Pagrus
GENBANK,1126325698,Sarpa salpa,REMOVE,Blasts as Pagrus
GENBANK,1843818487,Coris julis,REMOVE,Blasts as Pseudocaranx
GENBANK,1966989560,Mustelus mustelus,REMOVE,Blasts as a Pteromylaeus (bull ray)
BOLD,NBMF145-16.COI-5P,Raja montagui,REMOVE,Nested in R. clavata
BOLD,DSFIB542-14.COI-5P,Amblyraja hyperborea,REMOVE,Nested in A. radiata
GENBANK,1948837771,Trichiurus lepturus,REMOVE,Blasts as Mugilogobius
GENBANK,1948837777,Trichiurus lepturus,REMOVE,Blasts as Mugilogobius
GENBANK,1948837797,Trichiurus lepturus,REMOVE,Blasts as a Johnius
GENBANK,1948837799,Trichiurus lepturus,REMOVE,Blasts as a Johnius
GENBANK,1948837781,Trichiurus lepturus,REMOVE,Blasts as Periophthalmus
GENBANK,1948837773,Trichiurus lepturus,REMOVE,Blasts as Periophthalmus
GENBANK,1948837785,Trichiurus lepturus,REMOVE,Blasts as Odontamblyopus
GENBANK,1948837793,Trichiurus lepturus,REMOVE,Blasts as Odontamblyopus
GENBANK,1948837791,Trichiurus lepturus,REMOVE,Blasts as Odontamblyopus
GENBANK,334903620,Gobius paganellus,REMOVE,Nested in Gobius cruentatus
GENBANK,334903618,Gobius paganellus,REMOVE,Nested in Gobius cruentatus
GENBANK,334903616,Gobius paganellus,REMOVE,Nested in Gobius cruentatus
BOLD,FTW822-09.COI-5P,Nemichthys scolopaceus,REMOVE,Blasts as Serrivomer
GENBANK,1948837775,Trichiurus lepturus,REMOVE,Blasts as Stolephorus
GENBANK,1948837769,Trichiurus lepturus,REMOVE,Blasts as Stolephorus
GENBANK,1948837783,Trichiurus lepturus,REMOVE,Blasts as Stolephorus
GENBANK,1948837779,Trichiurus lepturus,REMOVE,Blasts as Stolephorus
GENBANK,1948837767,Trichiurus lepturus,REMOVE,Blasts as Coilia
GENBANK,1948837765,Trichiurus lepturus,REMOVE,Blasts as Coilia
GENBANK,1948837763,Trichiurus lepturus,REMOVE,Blasts as Coilia
BOLD,EHPQ013-19.COI-5P,Helicolenus dactylopterus,REMOVE,Blasts as a Sebastes
GENBANK,1982394390,Mugil cephalus,REMOVE,Blasts as Lutjanus
BOLD,UKFBJ884-08.COI-5P,Scorpaena scrofa,REMOVE,Blasts as Parascorpaena
BOLD,FEM020-19.COI-5P,Melanogrammus aeglefinus,REMOVE,Nested in Melangius
BOLD,FEM013-19.COI-5P,Melanogrammus aeglefinus,REMOVE,Nested in Melangius
GENBANK,1948837789,Trichiurus lepturus,REMOVE,Blasts as Pseudolaubuca
GENBANK,1101489206,Ceratoscopelus warmingii,REMOVE,Blasts as a Diaphus
BOLD,AJS300-19.COI-5P,Oreochromis niloticus,REMOVE,Blasts as Gadus
GENBANK,1062594384,Sparus aurata,REMOVE,Blasts as Omobranchus
GENBANK,1062594388,Sparus aurata,REMOVE,Blasts as Omobranchus
GENBANK,1062594382,Sparus aurata,REMOVE,Blasts as Omobranchus
GENBANK,1062594380,Sparus aurata,REMOVE,Blasts as Omobranchus
GENBANK,1237406519,Sparus aurata,REMOVE,Blasts as Omobranchus
GENBANK,1959472526,Sparus aurata,REMOVE,Blasts as Omobranchus
GENBANK,1062594386,Sparus aurata,REMOVE,Blasts as Omobranchus
GENBANK,1980526525,Neogobius melanostomus,REMOVE,Blasts as a Schedophilus (Scombriformes)
GENBANK,1084353046,Neogobius melanostomus,REMOVE,Blasts as a Gobius niger
GENBANK,1893135289,Tinca tinca,REMOVE,D-loop sequences
GENBANK,1893135288,Tinca tinca,REMOVE,D-loop sequences
GENBANK,1893135287,Tinca tinca,REMOVE,D-loop sequences
GENBANK,1893135286,Tinca tinca,REMOVE,D-loop sequences
GENBANK,1893135285,Tinca tinca,REMOVE,D-loop sequences
GENBANK,1893135284,Tinca tinca,REMOVE,D-loop sequences
GENBANK,1893135283,Tinca tinca,REMOVE,D-loop sequences
GENBANK,1893135282,Tinca tinca,REMOVE,D-loop sequences
GENBANK,1893135281,Tinca tinca,REMOVE,D-loop sequences
GENBANK,1893135280,Tinca tinca,REMOVE,D-loop sequences
GENBANK,1893135279,Tinca tinca,REMOVE,D-loop sequences
GENBANK,1893135278,Tinca tinca,REMOVE,D-loop sequences
GENBANK,1893135277,Tinca tinca,REMOVE,D-loop sequences
GENBANK,1893135276,Tinca tinca,REMOVE,D-loop sequences
GENBANK,1893135275,Tinca tinca,REMOVE,D-loop sequences
GENBANK,1893135274,Tinca tinca,REMOVE,D-loop sequences
GENBANK,1893135273,Tinca tinca,REMOVE,D-loop sequences
GENBANK,1893135272,Tinca tinca,REMOVE,D-loop sequences
GENBANK,1893135271,Tinca tinca,REMOVE,D-loop sequences
GENBANK,1893135270,Tinca tinca,REMOVE,D-loop sequences
GENBANK,1893135269,Tinca tinca,REMOVE,D-loop sequences
GENBANK,1893135268,Tinca tinca,REMOVE,D-loop sequences
GENBANK,1893135267,Tinca tinca,REMOVE,D-loop sequences
GENBANK,1893135266,Tinca tinca,REMOVE,D-loop sequences
GENBANK,1893135265,Tinca tinca,REMOVE,D-loop sequences
GENBANK,1893135264,Tinca tinca,REMOVE,D-loop sequences
GENBANK,1893135263,Tinca tinca,REMOVE,D-loop sequences
GENBANK,1893135262,Tinca tinca,REMOVE,D-loop sequences
GENBANK,1893135261,Tinca tinca,REMOVE,D-loop sequences
GENBANK,1893135260,Tinca tinca,REMOVE,D-loop sequences
GENBANK,1893135259,Tinca tinca,REMOVE,D-loop sequences
GENBANK,1893135258,Tinca tinca,REMOVE,D-loop sequences
GENBANK,1893135257,Tinca tinca,REMOVE,D-loop sequences
GENBANK,1893135256,Tinca tinca,REMOVE,D-loop sequences
GENBANK,1893135255,Tinca tinca,REMOVE,D-loop sequences
GENBANK,1893135254,Tinca tinca,REMOVE,D-loop sequences
GENBANK,1893135253,Tinca tinca,REMOVE,D-loop sequences
GENBANK,1893135252,Tinca tinca,REMOVE,D-loop sequences
GENBANK,1893135251,Tinca tinca,REMOVE,D-loop sequences
GENBANK,1893135250,Tinca tinca,REMOVE,D-loop sequences
GENBANK,1893135249,Tinca tinca,REMOVE,D-loop sequences
GENBANK,1893135248,Tinca tinca,REMOVE,D-loop sequences
GENBANK,1893135247,Tinca tinca,REMOVE,D-loop sequences
GENBANK,1893135246,Tinca tinca,REMOVE,D-loop sequences
GENBANK,1893135245,Tinca tinca,REMOVE,D-loop sequences
GENBANK,1893135244,Tinca tinca,REMOVE,D-loop sequences
GENBANK,1893135243,Tinca tinca,REMOVE,D-loop sequences
GENBANK,1893135242,Tinca tinca,REMOVE,D-loop sequences
GENBANK,1893135241,Tinca tinca,REMOVE,D-loop sequences
GENBANK,1893135240,Tinca tinca,REMOVE,D-loop sequences
GENBANK,1928144460,Prionace glauca,REMOVE,Blasts as Squatina
GENBANK,2070998064,Pseudorasbora parva,REMOVE,Nested in Cyprinus carpio
GENBANK,1102318201,Coryphaenoides guentheri,REMOVE,Closer to Nezumia than other Coryphaenoides
GENBANK,2018537140,Ammodytes tobianus,REMOVE,Looks like it's a Gymnammodytes
GENBANK,2095683687,Dicentrarchus labrax,REMOVE,Nested in sparids
GENBANK,2188144265,Lepidorhombus whiffiagonis,REMOVE,Clusters with Arnoglossus
GENBANK,2018537260,Liparis montagui,REMOVE,Clusters with Liparis liparis
GENBANK,2019934261,Salmo salar,REMOVE,Blasts as Macrodon
GENBANK,2019293926,Salmo salar,REMOVE,Nested in Anguilla anguilla
BOLD,BCAFL347-20.COI-5P,Alburnus alburnus,REMOVE,Nested in Barbus barbus
GENBANK,1591634261,Cyprinus carpio,REMOVE,Weird sequence
BOLD,BCAFL042-17.COI-5P,Barbus barbus,REMOVE,Clusters with Leuciscus
BOLD,BCAFL660-20.COI-5P,Blicca bjoerkna,REMOVE,Clusters with Abramis
GENBANK,2019293932,Salmo salar,REMOVE,Nested in Thunnus
GENBANK,2019293928,Salmo salar,REMOVE,Nested in Thunnus
GENBANK,1750468605,Petromyzon marinus,REMOVE,Not 16S
GENBANK,253971256,Petromyzon marinus,REMOVE,Not 16S
GENBANK,1635513707,Petromyzon marinus,REMOVE,Not 16S
GENBANK,56968093,Myxine glutinosa,REMOVE,Not 16S
GENBANK,19067977,Chlamydoselachus anguineus,REMOVE,Not 16S
GENBANK,19067974,Centroscymnus owstonii,REMOVE,Not 16S
GENBANK,1144505,Oncorhynchus mykiss,REMOVE,Not 16S
GENBANK,2088970396,Sparus aurata,REMOVE,Omobranchus again?
GENBANK,2253754803,Blicca bjoerkna,REMOVE,Clusters with Abramis brama
BOLD,RYBY091-21.COI-5P,Blicca bjoerkna,REMOVE,Clusters with Abramis brama
GENBANK,2253754442,Alburnus alburnus,REMOVE,Clusters with Barbus
GENBANK,951735822,Katsuwonus pelamis,REMOVE,Clusters with Thunnus
GENBANK,1523271082,Cyprinus carpio,REMOVE,Blasts as Catla
GENBANK,2079421867,Arnoglossus thori,REMOVE,Divergent sequence
GENBANK,2260408445,Cobitis taenia,REMOVE,Blasts as a Pangio
GENBANK,2253754877,Barbus barbus,REMOVE,Blasts as Alburnoides
GENBANK,2440745850,Carassius carassius,REMOVE,Probably C. aurata
GENBANK,2440745851,Carassius carassius,REMOVE,Probably C. aurata
GENBANK,2440745852,Carassius carassius,REMOVE,Probably C. aurata
BOLD,SCAFB817-07.COI-5P,Amblyraja hyperborea,REMOVE,Probaby A. radiata
BOLD,SCAFB819-07.COI-5P,Amblyraja hyperborea,REMOVE,Probaby A. radiata
BOLD,MDMM014-17.COI-5P,Platichthys flesus,REMOVE,Nested in Pleuronectes platessa
GENBANK,1948837795,Trichiurus lepturus,REMOVE,Blasts as Trypauchen
GENBANK,1948837787,Trichiurus lepturus,REMOVE,Blasts as Trypauchen
BOLD,MDMM065-17.COI-5P,Myoxocephalus scorpius,REMOVE,Nested in Taurulus
BOLD,NBMF173-16.COI-5P,Anarhichas denticulatus,REMOVE,Nested in A. minor
BOLD,MDMM025-17.COI-5P,Pomatoschistus microps,REMOVE,Nested in P. minutus
BOLD,MDMM023-17.COI-5P,Pomatoschistus microps,REMOVE,Nested in P. minutus
BOLD,MDMM026-17.COI-5P,Pomatoschistus microps,REMOVE,Nested in P. minutus
BOLD,MDMM024-17.COI-5P,Pomatoschistus microps,REMOVE,Nested in P. minutus
GENBANK,2095683727,Gaidropsarus mediterraneus,REMOVE,Nested in G. macrophthalmus
GENBANK,2095683725,Gaidropsarus mediterraneus,REMOVE,Nested in G. macrophthalmus
GENBANK,2095683735,Gaidropsarus mediterraneus,REMOVE,Nested in G. macrophthalmus
GENBANK,2095683731,Gaidropsarus mediterraneus,REMOVE,Nested in G. macrophthalmus
GENBANK,2095683729,Gaidropsarus mediterraneus,REMOVE,Nested in G. macrophthalmus
GENBANK,2095683733,Gaidropsarus mediterraneus,REMOVE,Nested in G. macrophthalmus
GENBANK,674653026,Syngnathus acus,REMOVE,Nested in S. typhle
GENBANK,1052251477,Syngnathus acus,REMOVE,Nested in S. typhle
GENBANK,672918342,Belone belone,REMOVE,clustered in B. svetovodivi
GENBANK,1591634263,Carassius auratus,REMOVE,separate from main cluster
BOLD,FTW824-09.COI-5P,Halosauropsis macrochir,REMOVE,separate from main cluster
GENBANK,574957609,Pteroplatytrygon violacea,REMOVE,separate from main cluster
GENBANK,296748195,Rostroraja alba,REMOVE,separate from main cluster
BOLD,FNZA963-10.COI-5P,Centroscymnus crepidater,REMOVE,nested in C. coelolepis
BOLD,FNZC395-10.COI-5P,Centrophorus granulosus,REMOVE,nested in C. squamosus
BOLD,FNZC299-07.COI-5P,Centrophorus squamosus,REMOVE,separate from main cluster
GENBANK,2587939605,Cyprinus carpio,REMOVE,nested in Carassius
BOLD,NIBA088-23.COI-5P,Lophius piscatorius,REMOVE,blasts as tunicate
GENBANK,2605890381,Oreochromis niloticus,REMOVE,blasts as Aplocheilus
GENBANK,321151569,Flagellostomias boureei,REMOVE,separate from main cluster
GENBANK,868611581,Acipenser ruthenus,REMOVE,separate from main cluster
BOLD,FISCO127-10.COI-5P,Symbolophorus veranyi,REMOVE,separate from main cluster
BOLD,FISCO121-10.COI-5P,Notoscopelus elongatus,REMOVE,nested in Benthosema
GENBANK,584296214,Magnisudis atlantica,REMOVE,separate from main cluster
GENBANK,3025627440,Tripterygion delaisi,REMOVE,partial sequence from mt genome
BOLD,UKFBJ422-08.COI-5P,Glyptocephalus cynoglossus,REMOVE,Nested in Hippoglossoides platessoides
BOLD,SCFAC772-06.COI-5P,Myxine glutinosa,REMOVE,nested in Glyptocephalus cynoglossus
BOLD,DPND1831-16.COI-5P,Seriola dumerili,REMOVE,blasts as Elagatis bipinnulata
BOLD,CBPM119-11.COI-5P,Grammicolepis brachiusculus,REMOVE,blasts as Trichopsetta ventralis
GENBANK,2293252208,Arnoglossus imperialis,REMOVE,this is A. blachei
GENBANK,2293252212,Arnoglossus imperialis,REMOVE,this is A. blachei
GENBANK,2293252210,Arnoglossus imperialis,REMOVE,this is A. blachei
GENBANK,343223512,Argyropelecus hemigymnus,REMOVE,blasts as A. gigas
GENBANK,343223528,Argyropelecus olfersii,REMOVE,blasts as A. gigas
GENBANK,343223510,Argyropelecus hemigymnus,REMOVE,blasts as A. affinis
GENBANK,343223526,Argyropelecus olfersii,REMOVE,blasts as A. aculeatus
GENBANK,343223514,Argyropelecus hemigymnus,REMOVE,blasts as A. sladeni
GENBANK,343223516,Argyropelecus hemigymnus,REMOVE,blasts as A. sladeni
GENBANK,307604437,Argyropelecus hemigymnus,REMOVE,blasts as A. aculeatus
BOLD,UKFBI217-08.COI-5P,Helicolenus dactylopterus,REMOVE,blasts as Polymetme thaeocoryla
GENBANK,2892981674,Leuciscus leuciscus,REMOVE,nested in Stomias boa
BOLD,FOAG512-08.COI-5P,Arctozenus risso,REMOVE,blasts as Diplophos rebainsi
GENBANK,2576857024,Psenes maculatus,REMOVE,blasts as Astronesthes nigroides
BOLD,DSSAF012-11.COI-5P,Borostomius antarcticus,REMOVE,blasts as Borostomius mononema
BOLD,HSI163-06.COI-5P,Acipenser ruthenus,REMOVE,blasts as A. stellatus
BOLD,HSI172-06.COI-5P,Acipenser ruthenus,REMOVE,blasts as A. gueldenstaedtii
GENBANK,357934001,Narcetes stomias,REMOVE,blasts as Maulisia
BOLD,HVDB137-10.COI-5P,Bajacalifornia megalops,REMOVE,blasts as Alepocephalus
BOLD,MAECO392-09.COI-5P,Bathylagichthys greyae,REMOVE,blasts as Nansenia
GENBANK,2867082760,Bathylagus euryops,REMOVE,blasts as Cyclothone
GENBANK,307604419,Cyclothone braueri,REMOVE,blasts as Cyclothone pseudopallida
GENBANK,1043219920,Cyclothone braueri,REMOVE,blasts as Cyclothone pseudopallida
BOLD,FMVIC169-08.COI-5P,Rutilus rutilus,REMOVE,blasts as Fistularia 
BOLD,GLF138-14.COI-5P,Nezumia aequalis,REMOVE,nested in N. sclerorhynchus
BOLD,BNSF271-11.COI-5P,Gaidropsarus mediterraneus,REMOVE,nested in G. vulgaris
BOLD,LTSM044-12.COI-5P,Pollachius pollachius,REMOVE,blasts as Gadus chalcogrammus
BOLD,LTSM155-12.COI-5P,Pollachius virens,REMOVE,blasts as Gadus chalcogrammus
BOLD,LTSM029-12.COI-5P,Pollachius pollachius,REMOVE,blasts as Gadus chalcogrammus
BOLD,FCFUK127-06.COI-5P,Gadus morhua,REMOVE,blasts as Merlangius
GENBANK,2497601985,Cyprinus carpio,REMOVE,blasts as Ephippus orbis
GENBANK,2497601987,Cyprinus carpio,REMOVE,blasts as Ephippus orbis
BOLD,UKFBI682-08.COI-5P,Macrourus berglax,REMOVE,blasts as Masturus lanceolatus
GENBANK,HVDBF493-12.COI-5P,Lagocephalus lagocephalus,REMOVE,blasts as Sphoeroides pachygaster
BOLD,FTW278-09.COI-5P,Auxis thazard,REMOVE,blasts as Lestrolepis
BOLD,FMVIC280-08.COI-5P,Arctozenus risso,REMOVE,blasts as Magnisudis
BOLD,DSSAF657-11.COI-5P,Arctozenus risso,REMOVE,blasts as Magnisudis
BOLD,BLSEA165-16.COI-5P,Ctenolabrus rupestris,REMOVE,blasts as Symphodus cinereus
BOLD,BLSEA166-16.COI-5P,Ctenolabrus rupestris,REMOVE,blasts as Symphodus cinereus
BOLD,BLSEA167-16.COI-5P,Ctenolabrus rupestris,REMOVE,blasts as Symphodus cinereus
BOLD,UKFBJ1206-08.COI-5P,Triglops murrayi,REMOVE,blasts as Cookeolus japonicus
BOLD,HVDBF332-11.COI-5P,Sarpa salpa,REMOVE,blasts as Pomadasys furcatus
GENBANK,2497602175,Mugil cephalus,REMOVE,blasts as Nemipterus japonicus
GENBANK,2751581716,Melanocetus johnsonii,REMOVE,blanket blacklist of Carlon et al. (2024)
GENBANK,2751582482,Melanocetus johnsonii,REMOVE,blanket blacklist of Carlon et al. (2024)
GENBANK,2751581770,Ceratoscopelus warmingii,REMOVE,blanket blacklist of Carlon et al. (2024)
GENBANK,2751582060,Ceratoscopelus warmingii,REMOVE,blanket blacklist of Carlon et al. (2024)
GENBANK,2751582294,Ceratoscopelus warmingii,REMOVE,blanket blacklist of Carlon et al. (2024)
GENBANK,2751581926,Ceratoscopelus warmingii,REMOVE,blanket blacklist of Carlon et al. (2024)
GENBANK,2751581800,Ceratoscopelus warmingii,REMOVE,blanket blacklist of Carlon et al. (2024)
GENBANK,2751580908,Ceratoscopelus warmingii,REMOVE,blanket blacklist of Carlon et al. (2024)
GENBANK,2751581700,Ceratoscopelus warmingii,REMOVE,blanket blacklist of Carlon et al. (2024)
GENBANK,2751581930,Ceratoscopelus warmingii,REMOVE,blanket blacklist of Carlon et al. (2024)
GENBANK,2751581980,Ceratoscopelus warmingii,REMOVE,blanket blacklist of Carlon et al. (2024)
GENBANK,2751580640,Ceratoscopelus warmingii,REMOVE,blanket blacklist of Carlon et al. (2024)
GENBANK,2751580452,Ceratoscopelus warmingii,REMOVE,blanket blacklist of Carlon et al. (2024)
GENBANK,2751581640,Ceratoscopelus warmingii,REMOVE,blanket blacklist of Carlon et al. (2024)
GENBANK,2751582150,Nesiarchus nasutus,REMOVE,blanket blacklist of Carlon et al. (2024)
GENBANK,2751580648,Ranzania laevis,REMOVE,blanket blacklist of Carlon et al. (2024)
GENBANK,2751580578,Ranzania laevis,REMOVE,blanket blacklist of Carlon et al. (2024)
GENBANK,2751581622,Ranzania laevis,REMOVE,blanket blacklist of Carlon et al. (2024)
GENBANK,2751581978,Ranzania laevis,REMOVE,blanket blacklist of Carlon et al. (2024)
GENBANK,2751580958,Ranzania laevis,REMOVE,blanket blacklist of Carlon et al. (2024)
GENBANK,2751580710,Ranzania laevis,REMOVE,blanket blacklist of Carlon et al. (2024)
GENBANK,2751581698,Ranzania laevis,REMOVE,blanket blacklist of Carlon et al. (2024)
GENBANK,2751580656,Ranzania laevis,REMOVE,blanket blacklist of Carlon et al. (2024)
GENBANK,2751581704,Ranzania laevis,REMOVE,blanket blacklist of Carlon et al. (2024)
GENBANK,2751581970,Ranzania laevis,REMOVE,blanket blacklist of Carlon et al. (2024)
GENBANK,2751580660,Ranzania laevis,REMOVE,blanket blacklist of Carlon et al. (2024)
GENBANK,2751580868,Ranzania laevis,REMOVE,blanket blacklist of Carlon et al. (2024)
GENBANK,2751581710,Ranzania laevis,REMOVE,blanket blacklist of Carlon et al. (2024)
GENBANK,2751580476,Ranzania laevis,REMOVE,blanket blacklist of Carlon et al. (2024)
GENBANK,2751580310,Ranzania laevis,REMOVE,blanket blacklist of Carlon et al. (2024)
GENBANK,2751581618,Ranzania laevis,REMOVE,blanket blacklist of Carlon et al. (2024)
GENBANK,2751581190,Ranzania laevis,REMOVE,blanket blacklist of Carlon et al. (2024)
GENBANK,2751580634,Ranzania laevis,REMOVE,blanket blacklist of Carlon et al. (2024)
GENBANK,2751580712,Ranzania laevis,REMOVE,blanket blacklist of Carlon et al. (2024)
GENBANK,2751580582,Ranzania laevis,REMOVE,blanket blacklist of Carlon et al. (2024)
GENBANK,2751581624,Ranzania laevis,REMOVE,blanket blacklist of Carlon et al. (2024)
GENBANK,2751581620,Ranzania laevis,REMOVE,blanket blacklist of Carlon et al. (2024)
GENBANK,2751580740,Ranzania laevis,REMOVE,blanket blacklist of Carlon et al. (2024)
GENBANK,2751580644,Ranzania laevis,REMOVE,blanket blacklist of Carlon et al. (2024)
GENBANK,2751581708,Ranzania laevis,REMOVE,blanket blacklist of Carlon et al. (2024)
GENBANK,2751582340,Ranzania laevis,REMOVE,blanket blacklist of Carlon et al. (2024)
GENBANK,2751580788,Ranzania laevis,REMOVE,blanket blacklist of Carlon et al. (2024)
GENBANK,2751580722,Ranzania laevis,REMOVE,blanket blacklist of Carlon et al. (2024)
GENBANK,2751581956,Ranzania laevis,REMOVE,blanket blacklist of Carlon et al. (2024)
GENBANK,2751580726,Ranzania laevis,REMOVE,blanket blacklist of Carlon et al. (2024)
GENBANK,2751580632,Ranzania laevis,REMOVE,blanket blacklist of Carlon et al. (2024)
GENBANK,2751580692,Ranzania laevis,REMOVE,blanket blacklist of Carlon et al. (2024)
GENBANK,2751581664,Ranzania laevis,REMOVE,blanket blacklist of Carlon et al. (2024)
GENBANK,2751581616,Ranzania laevis,REMOVE,blanket blacklist of Carlon et al. (2024)
GENBANK,2751581738,Ranzania laevis,REMOVE,blanket blacklist of Carlon et al. (2024)
GENBANK,2751581820,Ranzania laevis,REMOVE,blanket blacklist of Carlon et al. (2024)
GENBANK,2751581668,Ranzania laevis,REMOVE,blanket blacklist of Carlon et al. (2024)
GENBANK,2751581662,Ranzania laevis,REMOVE,blanket blacklist of Carlon et al. (2024)
GENBANK,2751580642,Ranzania laevis,REMOVE,blanket blacklist of Carlon et al. (2024)
GENBANK,2751581540,Ranzania laevis,REMOVE,blanket blacklist of Carlon et al. (2024)
GENBANK,2751581380,Ranzania laevis,REMOVE,blanket blacklist of Carlon et al. (2024)
GENBANK,2751581614,Ranzania laevis,REMOVE,blanket blacklist of Carlon et al. (2024)
GENBANK,2751581656,Ranzania laevis,REMOVE,blanket blacklist of Carlon et al. (2024)
GENBANK,2751582224,Ranzania laevis,REMOVE,blanket blacklist of Carlon et al. (2024)
GENBANK,2751580704,Ranzania laevis,REMOVE,blanket blacklist of Carlon et al. (2024)
GENBANK,2751581702,Ranzania laevis,REMOVE,blanket blacklist of Carlon et al. (2024)
GENBANK,2751581748,Ranzania laevis,REMOVE,blanket blacklist of Carlon et al. (2024)
GENBANK,2751580858,Ranzania laevis,REMOVE,blanket blacklist of Carlon et al. (2024)
GENBANK,2751580646,Ranzania laevis,REMOVE,blanket blacklist of Carlon et al. (2024)
GENBANK,2751580782,Ranzania laevis,REMOVE,blanket blacklist of Carlon et al. (2024)
GENBANK,2751580568,Ranzania laevis,REMOVE,blanket blacklist of Carlon et al. (2024)
GENBANK,2751581586,Ranzania laevis,REMOVE,blanket blacklist of Carlon et al. (2024)
GENBANK,2751580554,Ranzania laevis,REMOVE,blanket blacklist of Carlon et al. (2024)
GENBANK,2751581774,Ranzania laevis,REMOVE,blanket blacklist of Carlon et al. (2024)
GENBANK,2751580388,Ranzania laevis,REMOVE,blanket blacklist of Carlon et al. (2024)
GENBANK,2751580590,Ranzania laevis,REMOVE,blanket blacklist of Carlon et al. (2024)
GENBANK,2751580814,Ranzania laevis,REMOVE,blanket blacklist of Carlon et al. (2024)
GENBANK,2751581706,Ranzania laevis,REMOVE,blanket blacklist of Carlon et al. (2024)
BOLD,DSSAF284-11.COI-5P,Ceratoscopelus maderensis,REMOVE,nested in C. warmingii
BOLD,DSSAF286-11.COI-5P,Ceratoscopelus maderensis,REMOVE,nested in C. warmingii
BOLD,DSSAF285-11.COI-5P,Ceratoscopelus maderensis,REMOVE,nested in C. warmingii
BOLD,DSSAF283-11.COI-5P,Ceratoscopelus maderensis,REMOVE,nested in C. warmingii
BOLD,HVDB194-10.COI-5P,Lophius piscatorius,REMOVE,blasts as Lophius vaillanti
GENBANK,685496969,Howella brodiei,REMOVE,similar to Rosenblattia
GENBANK,2591501588,Ambloplites rupestris,REMOVE,blasts as Etheostoma
GENBANK,2497601991,Cyprinus carpio,REMOVE,blasts as Epinephelus
GENBANK,2874142170,Thunnus albacares,REMOVE,blasts as Epinephelus
GENBANK,2497601995,Cyprinus carpio,REMOVE,blasts as Epinephelus
GENBANK,2497601989,Cyprinus carpio,REMOVE,blasts as Epinephelus
GENBANK,2497601993,Cyprinus carpio,REMOVE,blasts as Epinephelus
GENBANK,2497660909,Dentex dentex,REMOVE,blasts as Dentex angolensis or canariensis
BOLD,SABF032-12.COI-5P,Pagrus pagrus,REMOVE,blasts as Cheimerius nufar
GENBANK,2451341229,Lepidorhombus boscii,REMOVE,nested in Pagrus erythinus
BOLD,FCFP016-05.COI-5P,Callionymus maculatus,REMOVE,nested in Chelidonichthys lucerna
GENBANK,2743178023,Leptoclinus maculatus,REMOVE,blasts as Lumpenus sagitta
BOLD,GLF330-19.COI-5P,Maurolicus muelleri,REMOVE,blasts as Gigantactis vanhoeffeni
BOLD,AJS257-19.COI-5P,Oreochromis niloticus,REMOVE,short sequence
BOLD,FBCS102-10.COI-5P,Coptodon zillii,REMOVE,nested in O. niloticus
BOLD,FBCS104-10.COI-5P,Coptodon zillii,REMOVE,nested in O. niloticus
BOLD,FBCS103-10.COI-5P,Coptodon zillii,REMOVE,nested in O. niloticus
BOLD,FBCS101-10.COI-5P,Coptodon zillii,REMOVE,nested in O. niloticus
BOLD,FBCS105-10.COI-5P,Coptodon zillii,REMOVE,nested in O. niloticus
BOLD,GUFW122-12.COI-5P,Coptodon zillii,REMOVE,nested in O. niloticus
BOLD,DPND2138-16.COI-5P,Helicolenus dactylopterus,REMOVE,blasts as Pontinus rathbuni
BOLD,DPND2224-16.COI-5P,Helicolenus dactylopterus,REMOVE,blasts as Pontinus rathbuni
BOLD,DPND2237-16.COI-5P,Helicolenus dactylopterus,REMOVE,blasts as Pontinus rathbuni
BOLD,EHPQ014-19.COI-5P,Helicolenus dactylopterus,REMOVE,blasts as Sebastes oculatus
GENBANK,2493178241,Sparus aurata,REMOVE,blasts as Omobranchus ferox
GENBANK,1011597934,Lepadogaster candolii,REMOVE,nested in L. purpurea
BOLD,HVDBF383-11.COI-5P,Lycodes terraenovae,REMOVE,blasts as Rajella leopardus
BOLD,FLBAR1784-20.COI-5P,Etmopterus princeps,REMOVE,nested in Centroscyllium fabricii
GENBANK,2949335864,Centroscymnus coelolepis,REMOVE,nested in Centroscymnus owstoni
BOLD,FNZA299-07.COI-5P,Centrophorus squamosus,REMOVE,separate from main cluster
BOLD,GEP379-12.COI-5P,Prionace glauca,REMOVE,nested in Isurus oxyrinchus
BOLD,GEP397-12.COI-5P,Prionace glauca,REMOVE,nested in Isurus oxyrinchus
BOLD,BLSEA198-16.COI-5P,Chelon auratus,REMOVE,blasts as Chelon saliens
BOLD,BLSEA181-16.COI-5P,Chelon auratus,REMOVE,blasts as Chelon saliens
BOLD,MFLR013-11.COI-5P,Dactylopterus volitans,REMOVE,nested in Pterycombus brama
BOLD,HVDBF429-11.COI-5P,Hexanchus griseus,REMOVE,nested in Brama brama
GENBANK,2085182869,Thunnus albacares,REMOVE,blasts as Gempylus serpens
GENBANK,2101422086,Trichiurus lepturus,REMOVE,blasts as Eupleurogrammus
GENBANK,1842077829,Trichiurus lepturus,REMOVE,blasts as Eupleurogrammus
BOLD,HVDBF533-12.COI-5P,Centrolophus niger,REMOVE,nested in Psenes maculatus
BOLD,TZSAL774-13.COI-5P,Epigonus telescopus,REMOVE,blasts as Hyperoglyphe antarctica
BOLD,TZSAL059-04.COI-5P,Epigonus telescopus,REMOVE,blasts as Hyperoglyphe antarctica
BOLD,DSSAF702-11.COI-5P,Euthynnus alletteratus,REMOVE,blasts as Allothunnus fallai
BOLD,DSSAF704-11.COI-5P,Euthynnus alletteratus,REMOVE,blasts as Allothunnus fallai
BOLD,DSSAF701-11.COI-5P,Euthynnus alletteratus,REMOVE,blasts as Allothunnus fallai
BOLD,DSSAF705-11.COI-5P,Euthynnus alletteratus,REMOVE,blasts as Allothunnus fallai
BOLD,DSSAF703-11.COI-5P,Euthynnus alletteratus,REMOVE,blasts as Allothunnus fallai
BOLD,MXV353-11.COI-5P,Katsuwonus pelamis,REMOVE,nested in Thunnus
BOLD,MXV088-11.COI-5P,Katsuwonus pelamis,REMOVE,nested in Thunnus
GENBANK,296748757,Nemichthys scolopaceus,REMOVE,blasts as Labichthys yanoi
GENBANK,357934003,Nemichthys scolopaceus,REMOVE,blasts as Labichthys yanoi
BOLD,CBPM179-11.COI-5P,Histiobranchus bathybius,REMOVE,nested in Synaphobranchus kaupii
GENBANK,2552485995,Notacanthus bonaparte,REMOVE,blasts as Notacanthus sp.
GENBANK,1834960270,Notacanthus bonaparte,REMOVE,blasts as Notacanthus sp.
GENBANK,3008774379,Trichiurus lepturus,REMOVE,Blasts as Stolephorus
GENBANK,3008774631,Trichiurus lepturus,REMOVE,Blasts as Stolephorus
GENBANK,2497601983,Cyprinus carpio,REMOVE,blast as Dussumieria
GENBANK,2806361820,Cyprinus carpio,REMOVE,nested in Carassius
BOLD,CIUA1426-24.COI-5P,Cyprinus carpio,REMOVE,nested in Carassius
BOLD,AMS207-08.COI-5P,Cyprinus carpio,REMOVE,nested in Carassius
BOLD,EEFF404-11.COI-5P,Rutilus rutilus,REMOVE,nested in Scardinius erythrophthalmus
BOLD,EEFF402-11.COI-5P,Rutilus rutilus,REMOVE,nested in Scardinius erythrophthalmus
BOLD,EEFF399-11.COI-5P,Rutilus rutilus,REMOVE,nested in Scardinius erythrophthalmus
BOLD,EEFF400-11.COI-5P,Rutilus rutilus,REMOVE,nested in Scardinius erythrophthalmus
BOLD,EEFF405-11.COI-5P,Rutilus rutilus,REMOVE,nested in Scardinius erythrophthalmus
BOLD,EEFF401-11.COI-5P,Rutilus rutilus,REMOVE,nested in Scardinius erythrophthalmus
BOLD,EEFF397-11.COI-5P,Rutilus rutilus,REMOVE,nested in Scardinius erythrophthalmus
BOLD,EEFF398-11.COI-5P,Rutilus rutilus,REMOVE,nested in Scardinius erythrophthalmus
BOLD,EEFF403-11.COI-5P,Rutilus rutilus,REMOVE,nested in Scardinius erythrophthalmus
BOLD,EEFF406-11.COI-5P,Rutilus rutilus,REMOVE,nested in Scardinius erythrophthalmus
BOLD,EEFF253-09.COI-5P,Rutilus rutilus,REMOVE,blasts as Rutilus frisii
GENBANK,2851351814,Carassius carassius,REMOVE,"all nested in C. auratus, maybe hybrids with C. gibelo"
GENBANK,2851351776,Carassius carassius,REMOVE,"all nested in C. auratus, maybe hybrids with C. gibelo"
GENBANK,2851351940,Carassius carassius,REMOVE,"all nested in C. auratus, maybe hybrids with C. gibelo"
GENBANK,2851351756,Carassius carassius,REMOVE,"all nested in C. auratus, maybe hybrids with C. gibelo"
GENBANK,2851351896,Carassius carassius,REMOVE,"all nested in C. auratus, maybe hybrids with C. gibelo"
GENBANK,2851351898,Carassius carassius,REMOVE,"all nested in C. auratus, maybe hybrids with C. gibelo"
GENBANK,2851351972,Carassius carassius,REMOVE,"all nested in C. auratus, maybe hybrids with C. gibelo"
GENBANK,2851351768,Carassius carassius,REMOVE,"all nested in C. auratus, maybe hybrids with C. gibelo"
GENBANK,2851351816,Carassius carassius,REMOVE,"all nested in C. auratus, maybe hybrids with C. gibelo"
GENBANK,2851351910,Carassius carassius,REMOVE,"all nested in C. auratus, maybe hybrids with C. gibelo"
GENBANK,2851351744,Carassius carassius,REMOVE,"all nested in C. auratus, maybe hybrids with C. gibelo"
GENBANK,2851351746,Carassius carassius,REMOVE,"all nested in C. auratus, maybe hybrids with C. gibelo"
GENBANK,2851351770,Carassius carassius,REMOVE,"all nested in C. auratus, maybe hybrids with C. gibelo"
GENBANK,2851351730,Carassius carassius,REMOVE,"all nested in C. auratus, maybe hybrids with C. gibelo"
GENBANK,2851351810,Carassius carassius,REMOVE,"all nested in C. auratus, maybe hybrids with C. gibelo"
GENBANK,2851351812,Carassius carassius,REMOVE,"all nested in C. auratus, maybe hybrids with C. gibelo"
GENBANK,2851351732,Carassius carassius,REMOVE,"all nested in C. auratus, maybe hybrids with C. gibelo"
GENBANK,2851351742,Carassius carassius,REMOVE,"all nested in C. auratus, maybe hybrids with C. gibelo"
GENBANK,2851351942,Carassius carassius,REMOVE,"all nested in C. auratus, maybe hybrids with C. gibelo"
GENBANK,2851351900,Carassius carassius,REMOVE,"all nested in C. auratus, maybe hybrids with C. gibelo"
GENBANK,2851351758,Carassius carassius,REMOVE,"all nested in C. auratus, maybe hybrids with C. gibelo"
GENBANK,2851351888,Carassius carassius,REMOVE,"all nested in C. auratus, maybe hybrids with C. gibelo"
GENBANK,2851351884,Carassius carassius,REMOVE,"all nested in C. auratus, maybe hybrids with C. gibelo"
BOLD,EEFF149-06.COI-5P,Alburnus alburnus,REMOVE,nested in Leucaspis delineatus
BOLD,EEFF017-06.COI-5P,Leuciscus leuciscus,REMOVE,blasts as Leuciscus lehmanni
GENBANK,2647705828,Cyprinus carpio,REMOVE,nested in Carassius
GENBANK,2508247912,Tinca tinca,REMOVE,very long branch
